"r_m130","r_m128","r_m255","apache.x_forward"
"ru","ru","ru","9"
"ru","ru","ru","8"
"ru","ru","ru","72"
"ru","ru","ru","71"
"ru","ru","ru","70"
"ru","ru","ru","7"
"ru","ru","ru","69"
"ru","ru","ru","68"
"ru","ru","ru","67"
"ru","ru","ru","66"
"ru","ru","ru","65"
"ru","ru","ru","64"
"ru","ru","ru","63"
"ru","ru","ru","62"
"ru","ru","ru","61"
"ru","ru","ru","60"
"ru","ru","ru","6"
"ru","ru","ru","59"
"ru","ru","ru","58"
"ru","ru","ru","57"
"ru","ru","ru","56"
"ru","ru","ru","55"
"ru","ru","ru","54"
"ru","ru","ru","53"
"ru","ru","ru","52"
"ru","ru","ru","51"
"ru","ru","ru","50"
"ru","ru","ru","5"
"ru","ru","ru","49"
"ru","ru","ru","48"
"ru","ru","ru","47"
"ru","ru","ru","46"
"ru","ru","ru","45"
"ru","ru","ru","44"
"ru","ru","ru","43"
"ru","ru","ru","42"
"ru","ru","ru","41"
"ru","ru","ru","40"
"ru","ru","ru","4"
"ru","ru","ru","39"
"ru","ru","ru","38"
"ru","ru","ru","37"
"ru","ru","ru","36"
"ru","ru","ru","35"
"ru","ru","ru","34"
"ru","ru","ru","33"
"ru","ru","ru","32"
"ru","ru","ru","31"
"ru","ru","ru","30"
"ru","ru","ru","3"
"ru","ru","ru","29"
"ru","ru","ru","28"
"ru","ru","ru","27"
"ru","ru","ru","26"
"ru","ru","ru","25"
"ru","ru","ru","24"
"ru","ru","ru","2"
"ru","ru","ru","14"
"ru","ru","ru","13"
"ru","ru","ru","12"
"ru","ru","ru","11"
"ru","ru","ru","10"
"ru","ru","ru","1"
"ru","ru","ru",
"ru","ru","ru",
"ru","ru","ru",
"ru","ru","ru",
"ru","ru","ru",
"ru","ru","ru",
"ru","ru","ru",
"ru","ru","ru",
"ru","ru","ru",

