"状态码","apache.x_forward"
"200","9"
"200","8"
"200","72"
"200","71"
"200","70"
"200","7"
"200","69"
"200","68"
"200","67"
"200","66"
"200","65"
"200","64"
"200","63"
"200","62"
"200","61"
"499","60"
"200","6"
"200","59"
"200","58"
"200","57"
"200","56"
"200","55"
"200","54"
"200","53"
"200","52"
"200","51"
"200","50"
"200","5"
"200","49"
"200","48"
"200","47"
"200","46"
"200","45"
"200","44"
"200","43"
"200","42"
"200","41"
"200","40"
"200","4"
"200","39"
"200","38"
"200","37"
"404","36"
"502","35"
"500","34"
"404","33"
"404","32"
"404","31"
"404","30"
"200","3"
"500","29"
"404","28"
"404","27"
"404","26"
"404","25"
"404","24"
"200","2"
"200","14"
"200","13"
"200","12"
"200","11"
"200","10"
"200","1"
"500",
"502",
"500",
"206",
"500",
"502",
"502",
"502",
"404",

