"apache.x_forward","apache.request_path"
"82","/api/v0/search/onlytimeline/"
"80","/api/v0/search/events/table/"
"8","/index/login/"
"79","/api/v0/search/onlyfields/"
"78","/api/v0/search/onlytimeline/"
"77","/api/v0/search/statis/fieldvalue/"
"75","/index/ping/"
"74","/index/login/"
"73","/index/ping/"
"72","/index/login/"
"71","/index/login/"
"70","/getPartnerList"
"7","/index/login/"
"69","/index/login/"
"67","/index/login/"
"66","/index/login/"
"65","/index/login/"
"64","/index/login/"
"63","/index/login/"
"62","/index/login/"
"61","/index/login/"
"60","/index/login/"
"6","/index/auth/"
"59","/index/login/"
"58","/index/login/"
"57","/index/login/"
"56","/index/login/"
"54","/static/assets/yottaweb-elements/index.js"
"54","/index/login/"
"53","/index/auth/"
"53","/static/assets/yottaweb-elements/index.js"
"52","/index/login/"
"52","/static/assets/yottaweb-elements/index.js"
"51","/static/assets/yottaweb-elements/index.js"
"50","/static/assets/yottaweb-elements/index.js"
"5","/index/auth/"
"49","/static/assets/yottaweb-elements/index.js"
"49","/index/login/"
"48","/index/login/"
"48","/static/assets/yottaweb-elements/index.js"
"47","/static/assets/yottaweb-elements/index.js"
"47","/index/login/"
"46","/index/login/"
"46","/static/assets/yottaweb-elements/index.js"
"45","/static/assets/yottaweb-elements/index.js"
"45","/index/login/"
"44","/index/login/"
"43","/index/login/"
"42","/index/auth/"
"41","/index/login/"
"40","/static/css/wifi.css"
"39","/index/login/"
"38","/index/auth/"
"36","/index/login/"
"35","/index/login/"
"34","/"
"33","/apple-touch-icon-precomposed.png"
"33","/static/img/logo.png"
"32","/apple-touch-icon.png"
"31","/static/img/favicon.ico"
"31","/index/auth/"
"30","/index/login/"
"30","/"
"29","/index/login/"
"29","/apple-touch-icon-precomposed.png"
"28","/index/login/"
"28","/apple-touch-icon.png"
"27","/static/img/favicon.ico"
"27","/index/login/"
"26","/index/login/"
"26","/"
"25","/apple-touch-icon-precomposed.png"
"25","/index/login/"
"24","/index/ping/"
"24","/apple-touch-icon.png"
"23","/static/img/favicon.ico"
"23","/index/auth/"
"22","/index/auth/"
"22","/"
"21","/index/login/"
"21","/apple-touch-icon-precomposed.png"
"20","/apple-touch-icon.png"
"2","/static/img/login/arrow_r.png"
"19","/static/img/favicon.ico"
"19","/index/login/"
"18","/"
"17","/index/login/"
"17","/apple-touch-icon-precomposed.png"
"16","/apple-touch-icon.png"
"16","/index/login/"
"15","/static/img/favicon.ico"
"14","/"
"14","/index/auth/"
"13","/index/login/"
"13","/apple-touch-icon-precomposed.png"
"12","/apple-touch-icon.png"
"11","/static/img/favicon.ico"
"10","/index/login/"

